,sepal_length,sepal_width,petal_length,petal_width
Mean,5.843333333333334,3.0540000000000003,3.758666666666666,1.1986666666666668
Median,5.8,3.0,4.35,1.3
Standard Deviation,0.8280661279778629,0.4335943113621737,1.7644204199522617,0.7631607417008414
